,Date,Close/Last,Volume,Open,High,Low
0,2022-10-28,1648.3,186519.0,1667.2,1670.9,1640.7
1,2022-10-27,1668.8,180599.0,1668.8,1674.8,1658.5
2,2022-10-26,1669.2,183453.0,1657.7,1679.4,1653.8
3,2022-10-25,1658.0,178706.0,1654.5,1666.8,1641.2
4,2022-10-24,1654.1,167448.0,1662.9,1675.5,1648.0
5,2022-10-21,1656.3,265985.0,1632.4,1663.1,1621.1
6,2022-10-20,1636.8,159797.0,1634.6,1650.3,1626.3
7,2022-10-19,1634.2,172551.0,1657.2,1659.8,1632.2
9,2022-10-17,1664.0,144374.0,1649.9,1674.3,1649.1
12,2022-10-12,1677.5,127689.0,1673.4,1685.1,1668.0
13,2022-10-11,1686.0,166065.0,1675.6,1691.3,1667.5
14,2022-10-10,1675.2,152626.0,1703.4,1707.4,1672.5
15,2022-10-07,1709.3,153813.0,1721.0,1722.8,1698.4
16,2022-10-06,1720.9,134333.0,1725.5,1734.2,1714.8
17,2022-10-05,1720.8,168000.0,1734.4,1736.6,1708.8
18,2022-10-04,1730.5,199426.0,1708.4,1738.7,1704.0
19,2022-10-03,1702.0,207858.0,1670.5,1710.4,1666.5
20,2022-09-30,1672.0,173144.0,1669.5,1684.4,1667.5
21,2022-09-29,1668.6,196633.0,1669.0,1673.1,1649.3
22,2022-09-28,1670.0,270952.0,1636.5,1671.6,1622.2
23,2022-09-27,1636.2,192565.0,1629.2,1650.1,1628.7
24,2022-09-26,1633.4,213873.0,1651.0,1657.2,1627.7
25,2022-09-23,1655.6,236570.0,1680.1,1685.0,1646.6
26,2022-09-22,1681.1,232407.0,1682.8,1693.5,1663.3
27,2022-09-21,1675.7,221902.0,1673.2,1696.9,1661.3
28,2022-09-20,1671.1,140765.0,1684.9,1688.8,1668.1
29,2022-09-19,1678.2,138336.0,1685.4,1688.8,1667.6
30,2022-09-16,1683.5,209506.0,1673.7,1689.9,1661.9
31,2022-09-15,1677.3,257001.0,1707.2,1707.8,1668.9
32,2022-09-14,1709.1,159797.0,1711.6,1717.3,1703.3
33,2022-09-13,1717.4,228966.0,1736.0,1742.9,1706.7
34,2022-09-12,1740.6,152588.0,1728.4,1746.4,1722.3
35,2022-09-09,1728.6,151576.0,1719.6,1740.5,1719.4
36,2022-09-08,1720.2,182302.0,1729.5,1739.4,1713.7
37,2022-09-07,1727.8,169690.0,1712.9,1731.2,1701.7
38,2022-09-06,1712.9,202021.0,1724.2,1737.4,1710.6
39,2022-09-02,1722.6,171140.0,1707.8,1729.5,1705.9
40,2022-09-01,1709.3,192532.0,1723.0,1723.0,1699.1
41,2022-08-31,1726.2,169549.0,1735.5,1738.0,1720.6
42,2022-08-30,1736.3,126018.0,1749.8,1752.8,1732.9
43,2022-08-29,1749.7,151838.0,1748.4,1757.9,1731.4
44,2022-08-26,1749.8,169654.0,1771.8,1772.3,1746.2
45,2022-08-25,1771.4,114539.0,1764.4,1778.8,1763.0
46,2022-08-24,1761.5,111405.0,1761.3,1769.5,1754.8
47,2022-08-23,1761.2,140603.0,1750.0,1767.5,1743.1
48,2022-08-22,1748.4,137883.0,1760.6,1762.1,1740.2
49,2022-08-19,1762.9,133714.0,1773.1,1773.3,1759.1
50,2022-08-18,1771.2,119686.0,1777.1,1786.3,1768.8
51,2022-08-17,1776.7,134521.0,1790.8,1796.6,1773.9
52,2022-08-16,1789.7,90514.0,1795.5,1798.0,1785.4
53,2022-08-15,1798.1,134361.0,1818.9,1818.9,1787.6
54,2022-08-12,1815.5,114600.0,1805.2,1819.1,1799.6
55,2022-08-11,1807.2,115221.0,1807.9,1814.9,1798.6
56,2022-08-10,1813.7,151584.0,1811.5,1824.6,1803.3
57,2022-08-09,1812.3,117689.0,1805.5,1817.0,1799.4
58,2022-08-08,1805.2,101477.0,1790.3,1806.4,1786.9
59,2022-08-05,1791.2,164173.0,1807.7,1811.6,1780.2
60,2022-08-04,1806.9,146208.0,1782.1,1812.0,1779.4
61,2022-08-03,1776.4,147085.0,1777.3,1789.4,1770.0
62,2022-08-02,1789.7,169496.0,1789.2,1805.0,1776.0
63,2022-08-01,1787.7,131463.0,1782.5,1792.5,1774.3
64,2022-07-29,1781.8,136893.0,1773.1,1784.6,1768.4
65,2022-07-28,1769.2,186813.0,1751.4,1774.4,1750.4
66,2022-07-27,1737.5,114058.0,1733.1,1758.2,1727.0
67,2022-07-26,1735.7,84467.0,1735.9,1744.3,1729.6
68,2022-07-25,1737.1,73873.0,1744.0,1752.5,1730.9
69,2022-07-22,1745.3,70482.0,1735.3,1755.9,1729.8
70,2022-07-21,1731.3,56532.0,1711.5,1737.3,1696.1
71,2022-07-20,1717.7,47329.0,1727.0,1730.4,1707.8
72,2022-07-19,1728.1,23419.0,1725.2,1734.2,1720.7
73,2022-07-18,1710.2,144409.0,1706.4,1722.0,1704.4
74,2022-07-15,1703.6,172240.0,1708.2,1714.2,1696.6
75,2022-07-14,1705.8,242301.0,1733.6,1734.8,1695.0
76,2022-07-13,1735.5,269477.0,1723.6,1744.3,1704.5
77,2022-07-12,1724.8,230448.0,1731.3,1742.2,1721.6
78,2022-07-11,1731.7,151802.0,1741.5,1743.0,1729.0
79,2022-07-08,1742.3,166939.0,1738.7,1751.7,1726.0
80,2022-07-07,1739.7,143028.0,1737.2,1748.2,1734.7
81,2022-07-06,1736.5,249079.0,1764.2,1771.5,1730.7
82,2022-07-05,1763.9,293094.0,1814.4,1815.2,1763.0
83,2022-07-01,1801.5,238651.0,1808.1,1813.6,1783.4
84,2022-06-30,1807.3,196788.0,1819.2,1826.8,1802.5
85,2022-06-29,1817.5,147761.0,1821.4,1834.9,1810.7
86,2022-06-28,1821.2,103812.0,1823.6,1830.9,1819.1
87,2022-06-27,1824.8,135496.0,1839.6,1842.8,1821.8
88,2022-06-24,1830.3,134283.0,1824.2,1833.7,1817.7
89,2022-06-23,1829.8,159259.0,1839.7,1829.1,1824.0
90,2022-06-22,1838.4,142428.0,1834.9,1850.3,1824.5
91,2022-06-21,1838.8,171831.0,1840.6,1848.4,1830.7
92,2022-06-17,1840.6,137967.0,1859.3,1861.5,1836.1
93,2022-06-16,1849.9,173720.0,1835.8,1860.2,1816.3
94,2022-06-15,1819.6,198265.0,1809.7,1845.4,1808.4
95,2022-06-14,1813.5,155376.0,1820.9,1833.3,1806.1
96,2022-06-13,1831.8,243512.0,1879.0,1882.5,1819.0
97,2022-06-10,1875.5,258683.0,1850.4,1879.6,1826.5
98,2022-06-09,1852.8,123946.0,1855.1,1857.8,1841.9
99,2022-06-08,1856.5,110022.0,1855.0,1862.4,1846.6
100,2022-06-07,1852.1,115125.0,1843.5,1858.2,1838.5
101,2022-06-06,1843.7,95742.0,1853.7,1861.2,1843.0
102,2022-06-03,1850.2,110502.0,1872.6,1878.6,1849.7
103,2022-06-02,1871.4,123196.0,1849.9,1874.4,1846.5
104,2022-06-01,1848.7,152568.0,1840.0,1853.0,1830.2
105,2022-05-31,1848.4,191376.0,1856.5,1867.9,1837.6
106,2022-05-27,1857.3,119997.0,1855.1,1866.9,1851.9
107,2022-05-26,1853.9,88345.0,1857.9,1859.0,1842.5
108,2022-05-25,1852.5,95996.0,1871.2,1872.7,1845.0
109,2022-05-24,1871.4,69225.0,1858.6,1875.0,1853.9
110,2022-05-23,1853.9,57586.0,1850.9,1870.4,1849.7
111,2022-05-20,1848.4,40522.0,1847.4,1854.0,1837.3
112,2022-05-19,1847.8,36782.0,1821.3,1854.5,1814.9
113,2022-05-18,1822.4,33301.0,1820.2,1829.3,1811.7
114,2022-05-17,1818.9,134758.0,1823.9,1834.8,1811.0
115,2022-05-16,1814.0,156521.0,1809.4,1826.0,1785.0
116,2022-05-13,1808.2,172127.0,1821.4,1827.6,1797.2
117,2022-05-12,1824.6,230455.0,1852.3,1858.8,1820.1
118,2022-05-11,1853.7,219335.0,1836.6,1857.8,1830.6
119,2022-05-10,1841.0,235122.0,1853.9,1864.7,1834.5
120,2022-05-09,1858.6,194520.0,1883.7,1885.6,1851.0
121,2022-05-06,1882.8,165627.0,1877.5,1894.0,1865.0
122,2022-05-05,1875.7,212206.0,1884.1,1910.7,1872.3
123,2022-05-04,1868.8,155972.0,1868.3,1892.0,1861.1
124,2022-05-03,1870.6,161150.0,1863.6,1878.4,1849.7
125,2022-05-02,1863.6,186052.0,1896.2,1900.4,1853.4
126,2022-04-29,1911.7,169590.0,1895.8,1921.3,1893.5
127,2022-04-28,1891.3,166979.0,1886.8,1897.8,1870.9
128,2022-04-27,1888.7,168759.0,1907.4,1908.1,1881.6
129,2022-04-26,1904.1,159198.0,1899.8,1912.2,1896.3
130,2022-04-25,1896.0,222175.0,1931.9,1935.5,1891.8
131,2022-04-22,1934.3,172335.0,1953.1,1957.8,1928.0
132,2022-04-21,1948.2,149700.0,1960.0,1960.1,1938.0
133,2022-04-20,1955.6,136017.0,1952.7,1960.9,1941.0
134,2022-04-19,1959.0,176033.0,1981.2,1985.1,1945.5
135,2022-04-18,1986.4,135491.0,1978.5,2003.0,1974.4
136,2022-04-14,1974.9,136906.0,1981.6,1984.0,1962.7
137,2022-04-13,1984.7,128353.0,1970.5,1985.8,1966.3
138,2022-04-12,1976.1,167267.0,1957.4,1982.7,1953.0
139,2022-04-11,1948.2,179115.0,1949.6,1974.6,1942.9
140,2022-04-08,1945.6,138521.0,1934.3,1952.2,1930.4
141,2022-04-07,1937.8,119672.0,1928.1,1941.7,1923.3
142,2022-04-06,1923.1,149065.0,1927.6,1937.6,1916.2
143,2022-04-05,1927.5,142736.0,1937.3,1948.9,1920.9
144,2022-04-04,1934.0,106062.0,1927.1,1941.6,1918.2
145,2022-04-01,1923.7,129770.0,1942.4,1944.5,1921.4
146,2022-03-31,1954.0,143756.0,1937.3,1955.0,1923.0
147,2022-03-30,1939.0,133201.0,1924.0,1943.4,1920.1
148,2022-03-29,1918.0,207331.0,1927.2,1934.4,1893.2
149,2022-03-28,1944.7,106563.0,1962.5,1965.2,1920.7
150,2022-03-25,1959.8,60137.0,1963.2,1970.4,1948.2
151,2022-03-24,1967.7,65218.0,1948.9,1972.5,1942.9
152,2022-03-23,1942.6,48141.0,1926.3,1953.9,1920.7
153,2022-03-22,1926.7,46165.0,1941.0,1944.7,1915.5
154,2022-03-21,1934.8,46403.0,1927.4,1947.2,1922.2
155,2022-03-18,1933.9,34050.0,1947.9,1950.9,1922.7
156,2022-03-17,1948.2,32640.0,1933.4,1955.6,1929.0
157,2022-03-16,1909.2,188471.0,1920.1,1930.1,1895.2
158,2022-03-15,1929.7,208752.0,1953.7,1956.9,1908.1
159,2022-03-14,1960.8,146870.0,1988.7,1994.8,1952.0
160,2022-03-11,1985.0,234258.0,2000.3,2004.0,1960.6
161,2022-03-10,2000.4,279944.0,1992.8,2015.1,1975.0
162,2022-03-09,1988.2,329822.0,2060.2,2068.5,1981.0
163,2022-03-08,2043.3,413624.0,2001.0,2078.8,1985.8
164,2022-03-07,1995.9,345526.0,1978.5,2007.5,1964.2
165,2022-03-04,1966.6,228205.0,1938.5,1974.9,1931.5
166,2022-03-03,1935.9,170994.0,1931.7,1944.6,1923.1
167,2022-03-02,1922.3,221028.0,1945.3,1951.4,1916.0
168,2022-03-01,1943.8,215091.0,1908.4,1952.6,1903.0
169,2022-02-28,1900.7,239416.0,1921.0,1935.2,1892.2
170,2022-02-25,1887.6,220963.0,1906.5,1925.0,1884.4
171,2022-02-24,1926.3,409954.0,1911.9,1976.5,1878.6
172,2022-02-23,1910.4,151417.0,1901.2,1912.9,1891.1
173,2022-02-22,1907.4,323210.0,1903.5,1918.3,1889.7
174,2022-02-18,1899.8,155484.0,1901.4,1905.0,1888.0
175,2022-02-17,1902.0,251680.0,1872.0,1904.0,1869.7
176,2022-02-16,1871.5,136348.0,1855.5,1874.6,1851.8
177,2022-02-15,1856.2,208428.0,1873.8,1881.6,1845.4
178,2022-02-14,1869.4,220292.0,1862.2,1876.5,1851.9
179,2022-02-11,1842.1,232425.0,1827.0,1867.4,1821.1
180,2022-02-10,1837.4,221886.0,1834.0,1843.3,1821.8
181,2022-02-09,1836.6,128735.0,1827.0,1837.1,1825.5
182,2022-02-08,1827.9,138151.0,1821.5,1829.9,1816.0
183,2022-02-07,1821.8,137112.0,1808.0,1824.6,1807.5
184,2022-02-04,1807.8,175521.0,1805.4,1815.8,1792.1
185,2022-02-03,1804.1,168783.0,1807.4,1809.5,1788.5
186,2022-02-02,1810.3,120057.0,1800.8,1812.0,1794.6
187,2022-02-01,1801.5,125228.0,1798.9,1809.7,1796.2
188,2022-01-31,1796.4,134623.0,1792.8,1800.9,1785.8
189,2022-01-28,1786.6,211839.0,1799.6,1800.3,1780.6
190,2022-01-27,1795.0,198030.0,1821.4,1823.8,1792.7
191,2022-01-26,1832.0,146441.0,1850.7,1852.6,1816.4
192,2022-01-25,1855.0,71595.0,1846.0,1856.7,1836.8
193,2022-01-24,1844.2,100586.0,1838.3,1847.2,1831.9
194,2022-01-21,1834.1,66596.0,1842.6,1845.8,1830.6
195,2022-01-20,1844.9,78202.0,1842.9,1850.8,1838.4
196,2022-01-19,1845.5,84788.0,1816.4,1846.1,1811.6
197,2022-01-18,1812.4,347305.0,1818.7,1822.9,1804.7
198,2022-01-14,1816.5,164913.0,1822.1,1829.3,1814.2
199,2022-01-13,1821.4,197305.0,1825.7,1828.3,1811.8
200,2022-01-12,1827.3,173549.0,1821.3,1828.2,1814.4
201,2022-01-11,1818.5,165152.0,1801.3,1823.1,1799.7
202,2022-01-10,1798.8,153934.0,1796.4,1802.0,1789.3
203,2022-01-07,1797.4,218941.0,1791.0,1798.4,1781.3
204,2022-01-06,1789.2,233180.0,1810.6,1811.6,1785.4
205,2022-01-05,1825.1,167651.0,1815.2,1830.7,1808.2
206,2022-01-04,1814.6,162124.0,1801.1,1817.2,1798.1
207,2022-01-03,1800.1,163300.0,1830.1,1833.0,1798.2
208,2021-12-31,1828.6,101324.0,1817.0,1831.4,1815.4
209,2021-12-30,1814.1,110142.0,1805.6,1818.1,1796.2
210,2021-12-29,1805.8,135650.0,1806.6,1808.0,1789.1
211,2021-12-28,1810.9,97605.0,1812.1,1821.6,1805.5
212,2021-12-27,1808.8,80323.0,1810.2,1814.6,1803.6
213,2021-12-23,1811.7,101178.0,1805.6,1812.0,1799.0
214,2021-12-22,1802.2,107201.0,1789.4,1806.3,1785.8
215,2021-12-21,1788.7,131120.0,1791.4,1801.7,1785.0
216,2021-12-20,1794.6,104146.0,1800.2,1804.6,1789.0
217,2021-12-17,1804.9,152640.0,1801.5,1815.7,1796.5
218,2021-12-16,1798.2,164102.0,1777.9,1800.7,1775.7
219,2021-12-15,1764.5,158071.0,1771.9,1781.3,1753.0
220,2021-12-14,1772.3,148182.0,1787.6,1789.8,1766.1
221,2021-12-13,1788.3,103999.0,1784.2,1792.8,1782.2
222,2021-12-10,1784.8,140032.0,1776.3,1791.0,1770.4
223,2021-12-09,1776.7,121045.0,1784.3,1788.4,1773.3
224,2021-12-08,1785.5,106555.0,1785.1,1794.3,1780.1
225,2021-12-07,1784.7,124583.0,1779.5,1789.3,1772.4
226,2021-12-06,1779.5,99840.0,1787.7,1789.0,1776.4
227,2021-12-03,1783.9,170092.0,1769.4,1788.0,1766.0
228,2021-12-02,1762.7,164492.0,1783.8,1785.2,1762.2
229,2021-12-01,1784.3,172176.0,1777.4,1795.7,1773.7
230,2021-11-30,1776.5,234588.0,1786.9,1811.4,1771.2
231,2021-11-29,1785.2,145347.0,1795.2,1801.5,1782.0
232,2021-11-26,1788.1,173605.0,1792.3,1819.3,1781.6
233,2021-11-24,1786.9,101304.0,1792.3,1798.8,1780.2
234,2021-11-23,1786.3,146754.0,1808.7,1815.2,1784.3
235,2021-11-22,1809.1,136164.0,1850.7,1853.0,1805.3
236,2021-11-19,1854.3,61307.0,1863.8,1870.5,1847.0
237,2021-11-18,1864.0,48241.0,1871.7,1875.9,1859.4
238,2021-11-17,1872.8,30319.0,1854.5,1873.1,1853.8
239,2021-11-16,1854.1,212495.0,1864.9,1879.5,1851.0
240,2021-11-15,1866.6,208217.0,1872.6,1873.0,1858.5
241,2021-11-12,1868.5,192007.0,1864.3,1871.4,1847.5
242,2021-11-11,1863.9,178701.0,1851.5,1868.7,1845.1
243,2021-11-10,1848.3,323266.0,1834.5,1870.6,1823.0
244,2021-11-09,1830.8,202363.0,1826.9,1834.8,1821.0
245,2021-11-08,1828.0,180098.0,1820.6,1828.3,1813.8
246,2021-11-05,1816.8,276580.0,1792.6,1820.1,1785.3
247,2021-11-04,1793.5,213034.0,1769.9,1800.3,1769.3
248,2021-11-03,1763.9,248047.0,1789.2,1789.3,1758.5
249,2021-11-02,1789.4,141590.0,1794.8,1797.8,1787.4
250,2021-11-01,1795.8,140366.0,1785.3,1797.5,1780.2
251,2021-10-29,1783.9,248553.0,1801.5,1802.9,1772.4
252,2021-10-28,1802.6,216464.0,1798.7,1812.7,1793.1
253,2021-10-27,1798.8,180196.0,1795.0,1801.0,1784.3
254,2021-10-26,1793.4,195602.0,1808.7,1809.8,1783.0
255,2021-10-25,1806.8,148222.0,1794.2,1811.5,1793.0
256,2021-10-22,1796.3,301766.0,1783.7,1815.5,1783.4
257,2021-10-21,1781.9,136936.0,1782.5,1790.3,1776.8
258,2021-10-20,1784.9,171291.0,1769.4,1789.6,1767.1
259,2021-10-19,1770.5,163590.0,1764.8,1786.0,1763.4
260,2021-10-18,1765.7,151275.0,1767.5,1772.5,1760.3
261,2021-10-15,1768.3,199306.0,1797.3,1797.7,1765.1
262,2021-10-14,1797.9,160575.0,1793.6,1801.9,1787.6
263,2021-10-13,1794.7,292440.0,1760.4,1797.4,1757.9
264,2021-10-12,1759.3,165367.0,1753.6,1770.0,1750.5
265,2021-10-11,1755.7,113114.0,1757.4,1761.1,1749.9
266,2021-10-08,1757.4,234810.0,1757.0,1782.4,1753.6
267,2021-10-07,1759.2,143881.0,1763.8,1767.7,1752.0
268,2021-10-06,1761.8,156675.0,1760.5,1765.9,1745.4
269,2021-10-05,1760.9,150083.0,1770.8,1771.1,1748.6
270,2021-10-04,1767.6,163944.0,1762.6,1771.5,1747.7
271,2021-10-01,1758.4,148890.0,1757.2,1765.2,1749.9
272,2021-09-30,1757.0,237967.0,1726.0,1765.0,1721.8
273,2021-09-29,1722.9,175420.0,1734.0,1746.0,1721.1
274,2021-09-28,1737.5,211821.0,1750.0,1754.3,1727.8
275,2021-09-27,1752.0,135811.0,1751.8,1760.9,1744.7
276,2021-09-24,1751.7,147736.0,1743.7,1758.0,1740.2
277,2021-09-23,1749.8,220098.0,1769.2,1777.1,1737.5
278,2021-09-22,1778.8,169937.0,1775.0,1788.4,1764.6
279,2021-09-21,1778.2,139900.0,1765.5,1782.8,1758.3
280,2021-09-20,1763.8,150573.0,1754.2,1768.4,1742.3
281,2021-09-17,1751.4,180673.0,1754.6,1767.8,1747.1
282,2021-09-16,1756.7,243613.0,1795.5,1797.3,1745.5
283,2021-09-15,1794.8,137513.0,1806.6,1808.5,1791.7
284,2021-09-14,1807.1,193835.0,1794.8,1810.6,1780.6
285,2021-09-13,1794.4,110870.0,1789.8,1800.2,1784.4
286,2021-09-10,1792.1,134148.0,1796.2,1806.0,1788.2
287,2021-09-09,1800.0,152037.0,1790.9,1803.4,1785.1
288,2021-09-08,1793.5,158104.0,1796.1,1804.4,1783.1
289,2021-09-07,1798.5,248598.0,1833.5,1833.5,1793.7
290,2021-09-03,1833.7,181932.0,1811.5,1836.9,1810.9
291,2021-09-02,1811.5,111099.0,1816.2,1819.6,1806.5
292,2021-09-01,1816.0,138802.0,1816.7,1822.7,1810.6
293,2021-08-31,1818.1,162209.0,1812.2,1821.9,1803.4
294,2021-08-30,1812.2,102579.0,1821.6,1826.5,1810.0
295,2021-08-27,1819.5,198760.0,1795.2,1821.9,1785.2
296,2021-08-26,1795.2,131078.0,1793.0,1800.4,1781.3
297,2021-08-25,1791.0,160525.0,1805.1,1805.3,1784.0
298,2021-08-24,1808.5,112953.0,1807.6,1812.2,1802.6
299,2021-08-23,1806.3,150238.0,1781.2,1809.1,1778.0
300,2021-08-20,1784.0,106495.0,1782.8,1791.0,1780.0
301,2021-08-19,1783.1,147534.0,1789.5,1795.0,1774.6
302,2021-08-18,1784.4,131190.0,1787.8,1795.7,1778.8
303,2021-08-17,1787.8,142476.0,1789.1,1797.6,1782.1
304,2021-08-16,1789.8,133821.0,1780.9,1791.3,1772.0
305,2021-08-13,1778.2,140689.0,1754.4,1781.9,1753.0
306,2021-08-12,1751.8,133990.0,1752.9,1759.6,1742.6
307,2021-08-11,1753.3,181306.0,1730.4,1756.7,1724.6
308,2021-08-10,1731.7,178253.0,1732.0,1739.4,1718.5
309,2021-08-09,1726.5,282388.0,1765.0,1765.7,1677.9
310,2021-08-06,1763.1,305778.0,1806.7,1807.0,1759.5
311,2021-08-05,1808.9,166287.0,1814.9,1817.9,1799.7
312,2021-08-04,1814.5,237140.0,1813.7,1835.9,1808.3
313,2021-08-03,1814.1,101460.0,1816.8,1818.2,1809.5
314,2021-08-02,1822.2,157414.0,1817.0,1823.2,1808.2
315,2021-07-30,1817.2,152236.0,1832.5,1835.5,1813.1
316,2021-07-29,1835.8,204918.0,1811.5,1837.5,1810.9
317,2021-07-28,1804.6,195298.0,1802.4,1813.9,1795.6
318,2021-07-27,1804.0,76707.0,1801.5,1809.5,1796.9
319,2021-07-26,1803.4,81390.0,1806.4,1816.1,1800.2
320,2021-07-23,1805.9,88214.0,1811.5,1814.5,1793.1
321,2021-07-22,1809.2,53343.0,1807.8,1812.3,1796.0
322,2021-07-21,1807.4,64012.0,1814.7,1818.1,1798.3
323,2021-07-20,1811.4,216747.0,1813.5,1825.9,1805.2
324,2021-07-19,1809.2,247651.0,1811.6,1818.0,1795.0
325,2021-07-16,1815.0,181535.0,1830.7,1832.7,1809.5
326,2021-07-15,1829.0,168788.0,1828.7,1835.0,1820.6
327,2021-07-14,1825.0,204998.0,1808.3,1831.1,1804.9
328,2021-07-13,1809.9,227638.0,1806.7,1818.0,1798.7
329,2021-07-12,1805.9,188154.0,1808.5,1811.0,1791.0
330,2021-07-09,1810.6,172928.0,1803.2,1813.0,1796.6
331,2021-07-08,1800.2,234021.0,1803.8,1819.5,1793.5
332,2021-07-07,1802.1,168050.0,1797.0,1810.2,1794.1
333,2021-07-06,1794.2,273015.0,1787.5,1815.7,1784.7
334,2021-07-02,1783.3,202365.0,1777.5,1795.9,1774.4
335,2021-07-01,1776.8,167260.0,1770.8,1783.4,1765.9
336,2021-06-30,1771.6,169111.0,1761.9,1774.7,1753.2
337,2021-06-29,1763.6,232701.0,1778.8,1779.2,1750.1
338,2021-06-28,1780.7,158467.0,1782.0,1786.1,1770.4
339,2021-06-25,1777.8,158121.0,1775.7,1791.0,1773.6
340,2021-06-24,1776.7,148872.0,1778.2,1788.6,1772.7
341,2021-06-23,1783.4,175084.0,1779.1,1795.6,1773.1
342,2021-06-22,1777.4,167293.0,1783.2,1790.1,1771.2
343,2021-06-21,1782.9,187249.0,1764.3,1786.9,1764.1
344,2021-06-18,1769.0,254641.0,1773.9,1797.9,1761.2
345,2021-06-17,1774.8,372368.0,1812.3,1826.4,1767.9
346,2021-06-16,1861.4,228605.0,1861.0,1866.0,1804.4
347,2021-06-15,1856.4,152410.0,1867.8,1870.9,1853.0
348,2021-06-14,1865.9,235708.0,1879.6,1879.7,1845.7
349,2021-06-11,1879.6,213681.0,1901.9,1906.2,1876.1
350,2021-06-10,1896.4,244698.0,1891.4,1903.0,1871.8
351,2021-06-09,1895.5,143891.0,1894.4,1901.7,1889.3
352,2021-06-08,1894.4,170166.0,1901.6,1906.9,1885.7
353,2021-06-07,1898.8,142315.0,1894.3,1902.9,1883.7
354,2021-06-04,1892.0,224522.0,1872.7,1894.6,1891.6
355,2021-06-03,1873.3,269228.0,1910.5,1876.0,1872.2
356,2021-06-02,1909.9,160414.0,1903.0,1911.8,1896.4
357,2021-06-01,1905.0,283146.0,1901.8,1903.0,1901.6
358,2021-05-28,1905.3,194069.0,1899.8,1908.8,1884.3
359,2021-05-27,1898.5,203605.0,1899.3,1901.6,1898.9
360,2021-05-26,1903.8,172696.0,1902.4,1915.6,1893.0
361,2021-05-25,1900.5,174389.0,1883.4,1903.7,1900.0
362,2021-05-24,1886.7,51824.0,1885.6,1890.0,1877.9
363,2021-05-21,1878.9,51799.0,1880.4,1892.3,1872.5
364,2021-05-20,1883.9,43110.0,1872.2,1887.2,1866.2
365,2021-05-19,1881.5,387547.0,1870.2,1874.0,1862.0
366,2021-05-18,1868.0,219676.0,1867.3,1870.6,1868.8
367,2021-05-17,1867.6,260925.0,1845.9,1867.9,1866.2
368,2021-05-14,1838.1,222090.0,1826.4,1847.1,1819.0
369,2021-05-13,1824.0,238443.0,1816.2,1829.1,1808.4
370,2021-05-12,1822.8,323911.0,1838.2,1844.7,1813.0
371,2021-05-11,1836.1,294462.0,1836.2,1839.2,1837.3
372,2021-05-10,1837.6,254657.0,1835.4,1846.3,1830.5
373,2021-05-07,1831.3,332450.0,1815.4,1833.4,1830.6
374,2021-05-06,1815.7,277680.0,1787.0,1816.5,1813.0
375,2021-05-05,1784.3,176172.0,1778.4,1788.1,1785.4
376,2021-05-04,1776.0,225083.0,1793.2,1799.5,1769.2
377,2021-05-03,1791.8,198798.0,1768.1,1794.1,1790.8
378,2021-04-30,1767.7,160763.0,1772.4,1770.0,1764.9
379,2021-04-29,1768.3,222795.0,1781.9,1774.5,1771.3
380,2021-04-28,1773.9,190626.0,1776.4,1782.7,1761.8
381,2021-04-27,1778.8,140469.0,1781.1,1785.9,1773.9
382,2021-04-26,1780.1,136847.0,1776.1,1782.4,1780.3
383,2021-04-23,1777.8,171772.0,1784.0,1796.3,1769.5
384,2021-04-22,1782.0,160685.0,1794.5,1784.8,1778.7
385,2021-04-21,1793.1,171089.0,1779.1,1795.9,1790.5
386,2021-04-20,1778.4,165014.0,1770.5,1780.8,1763.5
387,2021-04-19,1770.6,178114.0,1778.8,1790.4,1766.6
388,2021-04-16,1780.2,167944.0,1764.8,1784.7,1760.3
389,2021-04-15,1766.8,193552.0,1736.6,1766.2,1763.6
390,2021-04-14,1736.3,141968.0,1746.4,1737.4,1736.1
391,2021-04-13,1747.6,170934.0,1732.2,1748.1,1744.6
392,2021-04-12,1732.7,122724.0,1744.5,1733.7,1727.0
393,2021-04-09,1744.8,165011.0,1756.5,1758.2,1730.8
394,2021-04-08,1758.2,140648.0,1738.6,1759.4,1733.6
395,2021-04-07,1741.6,118174.0,1744.4,1744.1,1736.0
396,2021-04-06,1743.0,148878.0,1729.2,1745.5,1742.2
397,2021-04-05,1728.8,100575.0,1730.0,1734.4,1721.6
398,2021-04-01,1728.4,166688.0,1709.0,1732.0,1706.4
399,2021-03-31,1715.6,205346.0,1685.9,1716.3,1677.3
400,2021-03-30,1686.0,218812.0,1713.0,1714.8,1678.3
401,2021-03-29,1714.6,171876.0,1732.4,1734.8,1705.6
402,2021-03-26,1734.7,98882.0,1727.5,1737.9,1721.2
403,2021-03-25,1727.3,73549.0,1736.0,1732.2,1722.5
404,2021-03-24,1735.5,68820.0,1728.2,1739.9,1724.8
405,2021-03-23,1727.5,62567.0,1741.2,1729.3,1727.7
406,2021-03-22,1740.4,36260.0,1747.5,1749.2,1728.6
407,2021-03-19,1743.9,36859.0,1736.3,1748.2,1729.3
408,2021-03-18,1734.6,18942.0,1745.9,1756.0,1719.1
409,2021-03-17,1727.1,214084.0,1730.0,1750.6,1722.0
410,2021-03-16,1730.9,170463.0,1730.7,1740.5,1724.4
411,2021-03-15,1729.2,158839.0,1726.5,1733.2,1719.2
412,2021-03-12,1719.8,222995.0,1720.5,1728.0,1696.6
413,2021-03-11,1722.6,197168.0,1725.0,1738.0,1716.8
414,2021-03-10,1721.8,213679.0,1714.5,1725.3,1705.6
415,2021-03-09,1716.9,233565.0,1679.3,1718.7,1676.7
416,2021-03-08,1678.0,258100.0,1701.6,1712.0,1673.3
417,2021-03-05,1698.5,254927.0,1695.3,1705.7,1683.0
418,2021-03-04,1700.7,271077.0,1708.4,1721.6,1687.6
419,2021-03-03,1715.8,251741.0,1736.5,1739.1,1699.4
420,2021-03-02,1733.6,230514.0,1722.8,1737.8,1704.6
421,2021-03-01,1723.0,238037.0,1732.8,1757.4,1717.2
422,2021-02-26,1728.8,351549.0,1770.9,1734.4,1725.5
423,2021-02-25,1775.4,309165.0,1804.9,1781.7,1763.9
424,2021-02-24,1797.9,220240.0,1805.0,1813.0,1782.2
425,2021-02-23,1805.9,187078.0,1809.3,1815.2,1794.5
426,2021-02-22,1808.4,216129.0,1782.0,1812.4,1778.6
427,2021-02-19,1777.4,247288.0,1774.6,1790.9,1759.0
428,2021-02-18,1775.0,220586.0,1776.0,1775.8,1772.8
429,2021-02-17,1772.8,250909.0,1793.1,1779.9,1770.6
430,2021-02-16,1799.0,348000.0,1795.0,1796.1,1793.0
431,2021-02-12,1823.2,169671.0,1825.4,1825.1,1819.1
432,2021-02-11,1826.8,143597.0,1844.3,1848.6,1821.7
433,2021-02-10,1842.7,173508.0,1838.3,1856.6,1834.0
434,2021-02-09,1837.5,151353.0,1832.4,1849.5,1830.3
435,2021-02-08,1834.2,171978.0,1818.1,1840.6,1807.3
436,2021-02-05,1813.0,202612.0,1794.3,1816.0,1792.2
437,2021-02-04,1791.2,269731.0,1834.5,1835.7,1784.6
438,2021-02-03,1835.1,134552.0,1838.5,1845.9,1830.1
439,2021-02-02,1833.4,226676.0,1863.6,1866.3,1830.4
440,2021-02-01,1863.9,237650.0,1865.0,1876.0,1851.7
441,2021-01-29,1850.3,269474.0,1845.6,1851.7,1843.8
442,2021-01-28,1841.2,270329.0,1847.2,1846.1,1843.1
443,2021-01-27,1848.9,163249.0,1854.3,1847.6,1841.5
444,2021-01-26,1854.8,89895.0,1858.7,1864.5,1851.1
445,2021-01-25,1859.0,86197.0,1858.6,1870.9,1850.0
446,2021-01-22,1859.9,74763.0,1874.0,1874.1,1839.7
447,2021-01-21,1869.3,47567.0,1875.6,1874.5,1870.8
448,2021-01-20,1870.2,51238.0,1843.2,1875.6,1865.8
449,2021-01-19,1840.2,324829.0,1828.8,1845.0,1800.8
450,2021-01-15,1829.9,224725.0,1847.3,1856.6,1822.1
451,2021-01-14,1851.4,242126.0,1845.6,1853.6,1843.4
452,2021-01-13,1854.9,203544.0,1855.0,1859.3,1841.6
453,2021-01-12,1844.2,225729.0,1845.4,1856.9,1854.3
454,2021-01-11,1850.8,253190.0,1849.4,1856.0,1817.1
455,2021-01-08,1835.4,422485.0,1915.2,1918.4,1827.8
456,2021-01-07,1913.6,192365.0,1921.5,1929.6,1907.5
457,2021-01-06,1908.6,356182.0,1952.8,1962.5,1902.6
458,2021-01-05,1954.4,192111.0,1946.0,1957.0,1938.4
459,2021-01-04,1946.6,261675.0,1908.2,1948.7,1906.1
460,2020-12-31,1895.1,127578.0,1899.0,1904.9,1889.1
461,2020-12-30,1893.4,128688.0,1881.8,1899.0,1879.5
462,2020-12-29,1882.9,145905.0,1878.0,1891.3,1875.6
463,2020-12-28,1880.4,194545.0,1887.0,1904.1,1873.0
464,2020-12-24,1883.2,87445.0,1877.3,1887.4,1873.1
465,2020-12-23,1878.1,157856.0,1865.6,1883.7,1860.9
466,2020-12-22,1870.3,173183.0,1883.0,1889.4,1863.7
467,2020-12-21,1882.8,226997.0,1892.9,1912.0,1859.0
468,2020-12-18,1888.9,149960.0,1891.3,1895.7,1881.9
469,2020-12-17,1890.4,213170.0,1868.4,1902.0,1865.9
470,2020-12-16,1859.1,196702.0,1857.7,1870.0,1848.2
471,2020-12-15,1855.3,169218.0,1830.5,1859.3,1828.5
472,2020-12-14,1832.1,166785.0,1845.0,1832.7,1828.1
473,2020-12-11,1843.6,150634.0,1840.0,1851.8,1826.8
474,2020-12-10,1837.4,162513.0,1843.0,1854.2,1831.5
475,2020-12-09,1838.5,216843.0,1875.4,1875.9,1828.2
476,2020-12-08,1874.9,147902.0,1866.1,1879.8,1863.9
477,2020-12-07,1866.0,204259.0,1841.1,1870.8,1862.1
478,2020-12-04,1840.0,167301.0,1844.7,1852.7,1832.0
479,2020-12-03,1841.1,177988.0,1833.9,1847.4,1826.7
480,2020-12-02,1830.2,182809.0,1819.1,1835.7,1828.2
481,2020-12-01,1818.9,197184.0,1780.3,1821.1,1778.4
482,2020-11-30,1780.9,235285.0,1790.8,1793.3,1767.2
483,2020-11-27,1788.1,277091.0,1812.1,1822.6,1776.5
484,2020-11-25,1811.2,121112.0,1812.0,1821.7,1804.7
485,2020-11-24,1810.9,125089.0,1842.6,1813.1,1807.4
486,2020-11-23,1844.1,106315.0,1875.9,1844.5,1839.6
487,2020-11-20,1872.4,180515.0,1864.8,1873.9,1868.7
488,2020-11-19,1861.5,217146.0,1872.0,1866.7,1862.0
489,2020-11-18,1873.9,203979.0,1879.5,1871.5,1868.2
490,2020-11-17,1885.1,155099.0,1888.2,1892.7,1876.3
491,2020-11-16,1887.8,217991.0,1886.6,1898.0,1861.5
492,2020-11-13,1886.2,158776.0,1875.6,1888.9,1885.3
493,2020-11-12,1873.3,199543.0,1863.9,1883.0,1860.7
494,2020-11-11,1861.6,201067.0,1876.1,1882.5,1853.9
495,2020-11-10,1876.4,243090.0,1864.1,1877.1,1870.9
496,2020-11-09,1854.4,475721.0,1956.0,1869.3,1861.2
497,2020-11-06,1951.7,233903.0,1950.0,1961.8,1937.2
498,2020-11-05,1946.8,288663.0,1903.4,1952.6,1948.0
499,2020-11-04,1896.2,284598.0,1910.3,1905.8,1897.8
500,2020-11-03,1910.4,166642.0,1896.4,1911.8,1906.9
501,2020-11-02,1892.5,161958.0,1877.0,1897.1,1873.3
502,2020-10-30,1879.9,207865.0,1867.9,1885.9,1875.0
503,2020-10-29,1868.0,219592.0,1877.5,1885.1,1859.2
504,2020-10-28,1879.2,289026.0,1909.8,1882.1,1875.7
505,2020-10-27,1911.9,149056.0,1904.4,1913.8,1898.7
506,2020-10-26,1905.7,161841.0,1906.0,1911.1,1892.5
507,2020-10-23,1905.2,168148.0,1906.5,1917.3,1895.2
508,2020-10-22,1904.6,208087.0,1927.4,1929.4,1894.2
509,2020-10-21,1929.5,194754.0,1911.6,1936.0,1911.6
510,2020-10-20,1915.4,160356.0,1906.4,1915.5,1909.0
511,2020-10-19,1911.7,155479.0,1903.2,1923.4,1900.2
512,2020-10-16,1906.4,144094.0,1912.7,1918.7,1901.1
513,2020-10-15,1908.9,205615.0,1906.0,1913.2,1892.7
514,2020-10-14,1907.3,185374.0,1895.4,1917.5,1885.0
515,2020-10-13,1894.6,260044.0,1927.3,1930.6,1889.3
516,2020-10-12,1928.9,155906.0,1935.0,1939.4,1923.8
517,2020-10-09,1926.2,224808.0,1898.4,1936.8,1898.0
518,2020-10-08,1895.1,179968.0,1890.6,1905.3,1885.3
519,2020-10-07,1890.8,183295.0,1882.6,1902.4,1877.1
520,2020-10-06,1908.8,172605.0,1917.8,1927.0,1902.9
521,2020-10-05,1920.1,176090.0,1910.9,1924.9,1902.5
522,2020-10-02,1907.6,209696.0,1911.0,1923.6,1895.2
523,2020-10-01,1916.3,257047.0,1891.2,1917.9,1890.0
524,2020-09-30,1895.5,256446.0,1903.2,1908.2,1885.8
525,2020-09-29,1903.2,213482.0,1886.4,1904.8,1880.8
526,2020-09-28,1882.3,232907.0,1862.7,1888.2,1851.1
527,2020-09-25,1866.3,226076.0,1872.7,1879.3,1854.1
528,2020-09-24,1876.9,338361.0,1866.9,1880.9,1851.0
529,2020-09-23,1868.4,402011.0,1905.1,1909.9,1856.0
530,2020-09-22,1907.6,279441.0,1918.1,1925.5,1898.9
531,2020-09-21,1910.6,380526.0,1957.3,1962.9,1885.4
532,2020-09-18,1962.1,174242.0,1951.1,1968.2,1951.1
533,2020-09-17,1949.9,263192.0,1967.6,1969.3,1938.2
534,2020-09-16,1970.5,287073.0,1961.4,1983.8,1957.2
535,2020-09-15,1966.2,232698.0,1966.2,1982.4,1955.6
536,2020-09-14,1963.7,196763.0,1948.9,1972.5,1945.2
537,2020-09-11,1947.9,202859.0,1953.8,1959.0,1945.7
538,2020-09-10,1964.3,268963.0,1955.3,1954.9,1949.9
539,2020-09-09,1954.9,224190.0,1939.4,1959.7,1926.3
540,2020-09-08,1943.2,412083.0,1938.0,1948.3,1911.7
541,2020-09-04,1934.3,300921.0,1938.0,1945.9,1923.0
542,2020-09-03,1937.8,300282.0,1948.9,1956.6,1927.2
543,2020-09-02,1944.7,326130.0,1976.8,1980.4,1938.9
544,2020-09-01,1978.9,300227.0,1973.7,2001.2,1969.2
545,2020-08-31,1978.6,242577.0,1973.9,1985.8,1962.3
546,2020-08-28,1974.9,329609.0,1937.5,1983.0,1928.2
547,2020-08-27,1932.6,461990.0,1963.0,1987.0,1914.7
548,2020-08-26,1952.5,338049.0,1939.0,1963.4,1908.4
549,2020-08-25,1923.1,271641.0,1935.9,1944.1,1919.1
550,2020-08-24,1939.2,284540.0,1947.9,1970.3,1930.8
551,2020-08-21,1947.0,352773.0,1955.6,1963.1,1916.6
552,2020-08-20,1946.5,378970.0,1934.4,1963.1,1928.9
553,2020-08-19,1970.3,440405.0,2010.5,2015.6,1930.5
554,2020-08-18,2013.1,358272.0,1993.6,2024.6,1985.2
555,2020-08-17,1998.7,285580.0,1956.4,2000.8,1939.1
556,2020-08-14,1949.8,237092.0,1963.8,1970.0,1939.1
557,2020-08-13,1970.4,346000.0,1927.3,1974.8,1923.0
558,2020-08-12,1949.0,450394.0,1921.6,1961.0,1874.2
559,2020-08-11,1946.3,556617.0,2038.4,2040.5,1911.3
560,2020-08-10,2039.7,248644.0,2044.8,2060.8,2027.8
561,2020-08-07,2028.0,391017.0,2076.4,2082.1,2024.8
562,2020-08-06,2069.4,307517.0,2055.0,2081.8,2049.0
563,2020-08-05,2049.3,361949.0,2037.0,2070.3,2027.5
564,2020-08-04,2021.0,269790.0,1993.5,2037.7,1982.6
565,2020-08-03,1986.3,176729.0,1997.4,2009.5,1975.2
566,2020-07-31,1985.9,275460.0,1973.6,2005.4,1971.4
567,2020-07-30,1966.8,268606.0,1986.4,1987.3,1952.3
568,2020-07-29,1976.7,191033.0,1971.9,1998.4,1955.7
569,2020-07-28,1963.9,154485.0,1963.2,2000.0,1927.5
570,2020-07-27,1955.4,127487.0,1929.0,1971.3,1926.8
571,2020-07-24,1897.5,288088.0,1884.9,1904.6,1880.5
572,2020-07-23,1890.0,400358.0,1871.6,1897.7,1863.1
573,2020-07-22,1865.1,376705.0,1842.8,1871.8,1842.1
574,2020-07-21,1843.9,265677.0,1819.6,1844.9,1817.2
575,2020-07-20,1817.4,173983.0,1812.3,1823.4,1806.6
576,2020-07-17,1810.0,162684.0,1796.9,1813.9,1795.2
577,2020-07-16,1800.3,190841.0,1813.1,1816.2,1794.1
578,2020-07-15,1813.8,179267.0,1811.1,1819.5,1804.0
579,2020-07-14,1813.4,235992.0,1810.9,1813.6,1809.6
580,2020-07-13,1814.1,218006.0,1803.4,1818.8,1802.1
581,2020-07-10,1801.9,208264.0,1808.4,1817.0,1796.5
582,2020-07-09,1803.8,265280.0,1818.8,1825.5,1799.6
583,2020-07-08,1820.6,232708.0,1807.9,1829.8,1803.8
584,2020-07-07,1809.9,217229.0,1793.9,1810.8,1781.2
585,2020-07-06,1793.5,140564.0,1787.0,1799.0,1779.2
586,2020-07-02,1790.0,181017.0,1779.0,1791.7,1766.3
587,2020-07-01,1779.9,258541.0,1798.9,1807.7,1767.9
588,2020-06-30,1800.5,190351.0,1799.2,1801.4,1795.5
589,2020-06-29,1781.2,128441.0,1789.2,1790.4,1776.5
590,2020-06-26,1780.3,195963.0,1774.8,1786.2,1754.0
591,2020-06-25,1770.6,148788.0,1772.3,1779.6,1764.1
592,2020-06-24,1775.1,230610.0,1784.4,1796.1,1770.6
593,2020-06-23,1782.0,190018.0,1764.9,1786.8,1758.3
594,2020-06-22,1766.4,219460.0,1765.8,1779.0,1753.5
595,2020-06-19,1753.0,174981.0,1729.8,1760.9,1728.3
596,2020-06-18,1731.1,152628.0,1735.5,1749.2,1722.7
597,2020-06-17,1735.6,137879.0,1735.3,1739.3,1717.3
598,2020-06-16,1736.5,177702.0,1732.3,1741.3,1721.8
599,2020-06-15,1727.2,195205.0,1740.7,1743.8,1706.2
600,2020-06-12,1737.3,148176.0,1733.6,1753.0,1728.2
601,2020-06-11,1739.8,202214.0,1746.6,1754.9,1727.5
602,2020-06-10,1720.7,195593.0,1718.9,1749.4,1714.1
603,2020-06-09,1721.9,178128.0,1703.9,1729.4,1697.6
604,2020-06-08,1705.1,151461.0,1686.7,1707.6,1680.7
605,2020-06-05,1683.0,267086.0,1720.8,1723.2,1671.7
606,2020-06-04,1727.4,193873.0,1702.8,1729.0,1698.9
607,2020-06-03,1704.8,249036.0,1733.7,1738.9,1690.3
608,2020-06-02,1734.0,172030.0,1750.3,1757.0,1728.0
609,2020-06-01,1750.3,142807.0,1749.8,1761.0,1737.6
610,2020-05-29,1736.9,1406.0,1718.8,1738.3,1715.1
611,2020-05-28,1728.3,159174.0,1725.0,1743.7,1720.0
612,2020-05-27,1726.8,156746.0,1724.1,1729.1,1701.6
613,2020-05-26,1728.2,146582.0,1746.3,1755.6,1721.2
614,2020-05-22,1734.6,6.0,1726.6,1726.7,1726.6
615,2020-05-21,1721.9,225941.0,1751.7,1751.7,1715.3
616,2020-05-20,1750.6,16.0,1751.6,1752.1,1745.6
617,2020-05-19,1745.6,181673.0,1734.8,1751.6,1727.2
618,2020-05-18,1734.4,264848.0,1757.5,1775.8,1729.3
619,2020-05-15,1753.4,719.0,1739.7,1751.4,1739.7
620,2020-05-14,1740.9,208601.0,1723.1,1746.5,1716.0
621,2020-05-13,1716.4,204533.0,1705.0,1726.5,1701.6
622,2020-05-12,1706.8,182675.0,1700.0,1716.7,1693.5
623,2020-05-11,1698.0,184455.0,1706.0,1713.8,1692.1
624,2020-05-08,1709.9,330.0,1726.2,1728.9,1703.8
625,2020-05-07,1725.8,233381.0,1686.0,1733.2,1683.9
626,2020-05-06,1688.5,196313.0,1714.1,1716.6,1683.0
627,2020-05-05,1710.6,179577.0,1711.0,1717.8,1695.4
628,2020-05-04,1713.3,146307.0,1711.2,1726.0,1700.3
629,2020-05-01,1694.5,337.0,1686.6,1701.5,1670.5
630,2020-04-30,1694.2,228730.0,1729.6,1737.0,1687.5
631,2020-04-29,1703.4,373.0,1710.0,1713.5,1702.0
632,2020-04-28,1722.2,166606.0,1724.4,1731.9,1704.1
633,2020-04-27,1723.8,142721.0,1745.0,1745.8,1720.0
634,2020-04-24,1723.5,221.0,1744.0,1744.0,1714.5
635,2020-04-23,1745.4,194495.0,1736.5,1764.2,1730.6
636,2020-04-22,1738.3,187864.0,1703.1,1742.4,1695.4
637,2020-04-21,1687.8,240743.0,1713.3,1718.0,1666.2
638,2020-04-20,1711.2,183636.0,1693.0,1718.4,1685.0
639,2020-04-17,1689.2,223.0,1715.7,1725.0,1684.9
640,2020-04-16,1731.7,199823.0,1743.5,1768.0,1722.6
641,2020-04-15,1740.2,181342.0,1758.1,1759.8,1731.6
642,2020-04-14,1768.9,234439.0,1761.5,1788.8,1747.1
643,2020-04-13,1744.8,696.0,1722.0,1756.8,1710.7
644,2020-04-09,1736.2,825.0,1662.7,1732.5,1662.7
645,2020-04-08,1684.3,121346.0,1678.7,1695.8,1670.7
646,2020-04-07,1683.7,194263.0,1707.1,1742.6,1672.0
647,2020-04-06,1677.0,1063.0,1629.1,1696.7,1625.9
648,2020-04-03,1633.7,643.0,1624.5,1636.0,1619.8
649,2020-04-02,1637.7,162151.0,1602.4,1645.6,1595.2
650,2020-04-01,1591.4,159377.0,1589.4,1612.4,1576.0
651,2020-03-31,1583.4,2694.0,1618.7,1621.0,1576.0
652,2020-03-30,1643.2,144290.0,1663.4,1673.6,1632.0
654,2020-03-26,1660.3,134861.0,1642.2,1677.2,1612.0
655,2020-03-25,1634.3,104547.0,1665.5,1698.0,1609.0
656,2020-03-24,1660.2,442.0,1622.8,1685.5,1622.8
657,2020-03-23,1572.7,95848.0,1508.4,1574.8,1489.4
658,2020-03-20,1484.0,14.0,1483.5,1483.5,1483.5
659,2020-03-19,1479.3,306016.0,1487.2,1502.8,1460.1
660,2020-03-18,1477.9,412332.0,1527.6,1547.0,1473.3
661,2020-03-17,1524.9,122.0,1469.3,1537.7,1469.3
662,2020-03-16,1486.5,535860.0,1563.8,1574.8,1450.9
663,2020-03-13,1516.7,524471.0,1582.7,1597.9,1504.0
664,2020-03-12,1590.3,553457.0,1633.1,1651.0,1560.4
665,2020-03-11,1642.3,373462.0,1649.3,1671.8,1632.4
666,2020-03-10,1659.1,48.0,1671.6,1674.6,1643.0
667,2020-03-09,1675.7,467110.0,1692.6,1704.3,1658.0
668,2020-03-06,1672.4,619051.0,1673.1,1692.8,1642.4
669,2020-03-05,1666.4,154.0,1637.2,1672.9,1637.2
670,2020-03-04,1643.0,297251.0,1640.1,1654.3,1632.6
671,2020-03-03,1642.1,610.0,1594.5,1645.3,1594.0
672,2020-03-02,1592.3,537.0,1583.9,1608.3,1574.3
673,2020-02-28,1564.1,289.0,1640.3,1642.5,1564.8
674,2020-02-27,1642.5,560547.0,1658.0,1662.5,1636.7
675,2020-02-26,1643.1,515771.0,1640.8,1643.8,1640.3
676,2020-02-25,1650.0,654660.0,1647.0,1655.8,1627.0
677,2020-02-24,1676.6,655245.0,1674.2,1674.4,1652.8
678,2020-02-21,1644.6,186.0,1619.3,1645.0,1619.3
679,2020-02-20,1620.5,389144.0,1615.0,1626.5,1606.6
680,2020-02-19,1611.8,298536.0,1604.8,1615.9,1602.4
681,2020-02-18,1600.0,310.0,1587.0,1604.3,1579.8
682,2020-02-14,1582.7,68.0,1575.8,1582.4,1574.8
683,2020-02-13,1578.8,264293.0,1569.8,1581.7,1568.5
684,2020-02-12,1571.6,183410.0,1571.2,1573.6,1564.4
685,2020-02-11,1565.6,440.0,1570.9,1571.1,1561.9
686,2020-02-10,1579.5,186247.0,1575.8,1580.5,1571.5
687,2020-02-07,1568.6,431.0,1564.9,1571.9,1560.5
688,2020-02-06,1570.0,221612.0,1560.0,1571.9,1556.0
689,2020-02-05,1562.8,297418.0,1556.1,1566.2,1551.1
690,2020-02-04,1555.5,328192.0,1581.5,1584.5,1552.8
691,2020-02-03,1582.4,303458.0,1597.8,1598.5,1573.2
692,2020-01-31,1582.9,1095.0,1573.4,1589.0,1570.0
693,2020-01-30,1589.2,371286.0,1582.4,1590.7,1576.8
694,2020-01-29,1576.0,225389.0,1572.0,1583.0,1567.9
695,2020-01-28,1575.8,191039.0,1587.1,1588.5,1570.4
696,2020-01-27,1583.7,134423.0,1586.1,1594.7,1581.6
697,2020-01-24,1571.1,38.0,1556.3,1570.3,1556.3
698,2020-01-23,1571.6,65319.0,1564.7,1573.7,1557.5
699,2020-01-22,1556.7,276521.0,1557.0,1558.9,1555.2
700,2020-01-21,1556.4,45.0,1564.2,1566.2,1551.0
701,2020-01-17,1558.8,108.0,1554.1,1558.0,1553.6
702,2020-01-16,1550.5,253076.0,1556.6,1558.2,1548.0
703,2020-01-15,1554.0,297777.0,1546.8,1558.8,1546.5
704,2020-01-14,1544.6,323782.0,1548.6,1549.5,1536.4
705,2020-01-13,1550.6,296619.0,1563.0,1563.1,1547.0
706,2020-01-10,1557.5,16.0,1551.2,1558.8,1545.4
707,2020-01-09,1554.3,354523.0,1557.7,1562.4,1541.0
708,2020-01-08,1560.2,787217.0,1556.7,1563.8,1556.5
709,2020-01-07,1574.3,418145.0,1567.4,1579.2,1557.0
710,2020-01-06,1568.8,539023.0,1562.7,1590.9,1562.3
711,2020-01-03,1549.2,107.0,1530.1,1552.7,1530.1
712,2020-01-02,1528.1,257867.0,1521.0,1534.0,1519.7
713,2019-12-31,1519.5,301.0,1513.8,1523.4,1513.8
714,2019-12-30,1518.6,169813.0,1515.9,1519.1,1513.5
715,2019-12-27,1518.1,194736.0,1516.5,1519.9,1512.1
716,2019-12-26,1514.4,213592.0,1503.9,1517.4,1502.1
717,2019-12-24,1499.1,52.0,1488.7,1498.6,1488.7
718,2019-12-23,1488.7,155802.0,1482.4,1490.1,1481.2
719,2019-12-20,1474.7,118.0,1476.7,1478.1,1475.3
720,2019-12-19,1478.2,319.0,1475.9,1478.9,1473.3
721,2019-12-18,1478.7,190975.0,1480.4,1483.6,1474.3
722,2019-12-17,1480.6,167359.0,1480.6,1484.9,1478.4
723,2019-12-16,1480.5,160416.0,1480.0,1484.5,1477.4
724,2019-12-13,1475.6,468.0,1463.1,1475.9,1463.1
725,2019-12-12,1472.3,396657.0,1469.5,1474.9,1468.2
726,2019-12-11,1475.0,247053.0,1479.1,1479.9,1478.7
727,2019-12-10,1462.6,367.0,1460.7,1467.2,1460.7
728,2019-12-09,1464.9,163682.0,1464.1,1469.8,1463.0
729,2019-12-06,1459.1,899.0,1475.0,1476.0,1458.2
730,2019-12-05,1483.1,231844.0,1480.0,1485.7,1478.0
731,2019-12-04,1480.2,311909.0,1483.2,1489.9,1476.7
732,2019-12-03,1478.2,1460.0,1461.6,1480.4,1459.5
733,2019-12-02,1469.2,304242.0,1470.3,1471.7,1459.8
734,2019-11-29,1472.7,259290.0,1461.7,1472.9,1459.1
735,2019-11-27,1453.4,88164.0,1461.1,1461.9,1452.0
736,2019-11-26,1467.4,271754.0,1461.3,1470.0,1456.6
737,2019-11-25,1463.8,121238.0,1467.5,1468.9,1460.7
738,2019-11-22,1468.8,77902.0,1470.9,1480.3,1468.1
739,2019-11-21,1470.5,73979.0,1481.3,1482.7,1469.4
740,2019-11-20,1470.0,31.0,1472.6,1474.5,1467.3
741,2019-11-19,1473.3,18.0,1467.7,1474.3,1467.7
742,2019-11-18,1471.9,325033.0,1467.8,1474.4,1456.6
743,2019-11-15,1467.3,13.0,1469.1,1469.1,1469.1
744,2019-11-14,1473.4,312108.0,1464.0,1475.5,1461.7
745,2019-11-13,1463.3,335980.0,1463.5,1467.9,1462.8
746,2019-11-12,1452.1,6.0,1454.9,1454.9,1447.1
747,2019-11-11,1457.1,295394.0,1460.0,1467.4,1448.9
748,2019-11-08,1461.3,21.0,1469.1,1469.1,1461.7
749,2019-11-07,1464.2,581.0,1466.8,1473.0,1466.5
750,2019-11-06,1493.1,302400.0,1491.5,1495.9,1490.5
751,2019-11-05,1483.7,573018.0,1511.6,1511.9,1480.7
752,2019-11-04,1511.1,250475.0,1516.4,1517.1,1506.5
753,2019-11-01,1508.0,235.0,1511.0,1511.6,1503.0
754,2019-10-31,1514.8,375394.0,1498.8,1516.7,1496.0
755,2019-10-30,1493.2,320.0,1487.2,1495.4,1481.0
756,2019-10-29,1490.7,283038.0,1494.0,1494.0,1489.7
757,2019-10-28,1495.8,310472.0,1507.4,1510.8,1492.3
758,2019-10-25,1499.5,93.0,1501.4,1503.7,1499.0
759,2019-10-24,1504.7,290074.0,1495.1,1506.9,1490.4
760,2019-10-23,1495.7,235483.0,1491.1,1499.4,1490.7
761,2019-10-22,1487.5,200931.0,1487.5,1492.1,1484.0
762,2019-10-21,1488.1,272195.0,1495.6,1498.7,1484.8
763,2019-10-18,1488.2,82.0,1487.3,1489.1,1486.6
764,2019-10-17,1498.3,296546.0,1494.2,1501.1,1487.0
765,2019-10-16,1494.0,360083.0,1484.8,1495.5,1480.6
766,2019-10-15,1483.5,307105.0,1497.7,1503.0,1480.8
767,2019-10-14,1497.6,221049.0,1492.0,1501.5,1487.1
768,2019-10-11,1488.7,462693.0,1498.3,1508.0,1478.0
769,2019-10-10,1500.9,401849.0,1510.8,1522.3,1495.7
770,2019-10-09,1512.8,277242.0,1515.4,1516.5,1510.1
771,2019-10-08,1497.2,46.0,1489.4,1506.3,1489.3
772,2019-10-07,1504.4,252399.0,1497.2,1499.7,1493.3
773,2019-10-04,1506.2,233.0,1505.6,1508.7,1497.1
774,2019-10-03,1513.8,400130.0,1505.6,1525.8,1501.7
775,2019-10-02,1501.0,205.0,1476.6,1503.7,1474.1
776,2019-10-01,1489.0,440804.0,1478.0,1493.5,1465.0
777,2019-09-30,1472.9,424759.0,1501.7,1507.2,1470.5
778,2019-09-27,1506.4,436289.0,1511.8,1514.4,1493.3
779,2019-09-26,1515.2,367934.0,1510.9,1519.5,1507.1
780,2019-09-25,1512.3,462742.0,1539.8,1542.8,1507.4
781,2019-09-24,1532.1,25.0,1515.1,1533.0,1515.1
782,2019-09-23,1531.5,349589.0,1521.5,1534.4,1517.9
783,2019-09-20,1507.3,2.0,1503.0,1503.0,1503.0
784,2019-09-19,1506.2,281865.0,1502.0,1512.1,1496.3
785,2019-09-18,1515.8,352179.0,1509.7,1519.5,1490.7
786,2019-09-17,1513.4,329751.0,1506.5,1515.0,1500.9
787,2019-09-16,1503.1,21.0,1500.0,1500.6,1498.5
788,2019-09-13,1490.9,1.0,1486.9,1486.9,1486.9
789,2019-09-12,1507.4,480662.0,1504.9,1532.2,1496.8
790,2019-09-11,1503.2,296849.0,1493.9,1506.2,1492.9
791,2019-09-10,1499.2,390357.0,1507.0,1509.1,1492.1
792,2019-09-09,1511.1,312350.0,1516.4,1523.8,1505.5
793,2019-09-06,1506.2,54.0,1517.3,1526.0,1504.5
794,2019-09-05,1525.5,586738.0,1561.4,1561.9,1514.3
795,2019-09-04,1560.4,404779.0,1556.0,1566.2,1542.6
796,2019-09-03,1555.9,541575.0,1539.2,1558.9,1529.6
797,2019-08-30,1529.2,320657.0,1536.9,1541.9,1525.6
798,2019-08-29,1536.9,439428.0,1549.4,1559.8,1528.6
799,2019-08-28,1549.1,342556.0,1551.8,1556.6,1541.4
800,2019-08-27,1551.8,334873.0,1537.3,1554.5,1535.3
801,2019-08-26,1537.2,407500.0,1545.4,1565.0,1534.8
802,2019-08-23,1537.6,459203.0,1508.8,1540.3,1503.0
803,2019-08-22,1497.3,686.0,1495.1,1495.1,1493.8
804,2019-08-21,1515.7,238972.0,1518.4,1518.4,1506.5
805,2019-08-20,1515.7,240391.0,1506.3,1518.8,1503.0
806,2019-08-19,1511.6,289329.0,1523.0,1523.6,1503.3
807,2019-08-16,1523.6,314597.0,1533.9,1538.6,1513.9
808,2019-08-15,1531.2,428618.0,1526.6,1537.7,1518.3
809,2019-08-14,1527.8,474508.0,1513.0,1534.9,1504.5
810,2019-08-13,1514.1,598082.0,1522.3,1546.1,1488.9
811,2019-08-12,1517.2,338340.0,1509.2,1531.5,1498.6
812,2019-08-09,1508.5,325590.0,1515.9,1521.1,1506.2
813,2019-08-08,1509.5,385340.0,1512.1,1521.3,1501.6
814,2019-08-07,1507.3,824.0,1473.5,1509.9,1473.2
815,2019-08-06,1484.2,375937.0,1481.1,1486.8,1468.2
816,2019-08-05,1464.6,1008.0,1440.4,1469.7,1440.4
817,2019-08-02,1457.5,471109.0,1457.5,1461.9,1442.5
818,2019-08-01,1432.4,567523.0,1425.6,1458.2,1412.1
819,2019-07-31,1437.8,406886.0,1443.7,1447.8,1422.3
820,2019-07-30,1441.8,248318.0,1439.5,1445.7,1434.8
821,2019-07-29,1433.3,168447.0,1431.9,1440.8,1427.5
822,2019-07-26,1432.2,5.0,1422.8,1423.0,1422.8
823,2019-07-25,1427.5,112902.0,1439.3,1447.0,1423.9
824,2019-07-24,1436.5,65218.0,1431.0,1442.9,1429.4
825,2019-07-23,1421.7,380116.0,1426.0,1431.4,1414.6
826,2019-07-22,1426.9,247608.0,1428.5,1430.8,1423.0
827,2019-07-19,1426.7,509138.0,1448.3,1454.4,1421.1
828,2019-07-18,1428.1,467773.0,1428.5,1449.7,1415.6
829,2019-07-17,1421.3,6.0,1404.6,1404.6,1404.6
830,2019-07-16,1411.2,327180.0,1416.4,1420.0,1402.1
831,2019-07-15,1413.5,231266.0,1417.7,1421.6,1409.3
832,2019-07-12,1412.2,272092.0,1406.2,1418.9,1404.5
833,2019-07-11,1406.7,380765.0,1421.1,1429.4,1402.7
834,2019-07-10,1412.5,426438.0,1400.0,1421.1,1391.8
835,2019-07-09,1400.5,276008.0,1397.9,1402.4,1387.5
836,2019-07-08,1400.0,303906.0,1401.0,1409.9,1393.8
837,2019-07-05,1400.1,555564.0,1418.8,1426.8,1388.6
838,2019-07-03,1420.9,118832.0,1421.6,1424.4,1412.7
839,2019-07-02,1408.0,372203.0,1386.2,1424.0,1386.2
840,2019-07-01,1385.6,214.0,1386.6,1395.8,1382.8
841,2019-06-28,1409.7,297964.0,1413.3,1427.8,1408.6
842,2019-06-27,1412.0,324556.0,1412.7,1415.3,1401.4
843,2019-06-26,1411.6,84.0,1407.2,1413.3,1405.8
844,2019-06-25,1418.7,618309.0,1423.4,1442.9,1415.1
845,2019-06-24,1418.2,359931.0,1403.9,1425.1,1403.6
846,2019-06-21,1400.1,496645.0,1391.2,1415.4,1386.1
847,2019-06-20,1396.9,511767.0,1364.5,1397.7,1361.3
848,2019-06-19,1348.8,320720.0,1350.4,1366.6,1344.8
849,2019-06-18,1350.7,364839.0,1343.9,1358.5,1342.1
850,2019-06-17,1342.9,230833.0,1345.5,1347.1,1336.6
851,2019-06-14,1344.5,346086.0,1346.5,1362.2,1341.4
852,2019-06-13,1343.7,197876.0,1337.8,1347.0,1335.9
853,2019-06-12,1336.8,226929.0,1330.6,1342.3,1329.8
854,2019-06-11,1331.2,204179.0,1331.8,1333.8,1323.6
855,2019-06-10,1329.3,220533.0,1341.2,1341.7,1329.0
856,2019-06-07,1346.1,314048.0,1339.7,1352.7,1334.3
857,2019-06-06,1342.7,252464.0,1336.1,1344.2,1331.3
858,2019-06-05,1333.6,391880.0,1330.2,1348.9,1329.3
859,2019-06-04,1323.4,302.0,1324.3,1328.6,1320.8
860,2019-06-03,1327.9,347054.0,1312.5,1333.0,1310.9
861,2019-05-31,1311.1,322176.0,1293.2,1311.9,1292.5
862,2019-05-30,1287.1,55573.0,1279.4,1288.3,1273.9
863,2019-05-29,1286.3,194696.0,1284.3,1290.3,1283.8
864,2019-05-28,1282.5,207053.0,1290.5,1292.6,1280.8
865,2019-05-24,1289.2,23685.0,1289.2,1292.6,1288.9
866,2019-05-23,1291.0,71630.0,1278.5,1292.5,1277.5
867,2019-05-22,1274.2,186404.0,1274.4,1277.1,1272.0
868,2019-05-21,1273.2,204984.0,1277.7,1277.7,1269.0
869,2019-05-20,1277.3,206270.0,1277.6,1278.8,1273.3
870,2019-05-17,1275.7,255125.0,1287.2,1289.0,1274.6
871,2019-05-16,1286.2,256906.0,1297.7,1299.3,1284.2
872,2019-05-15,1297.8,241040.0,1298.0,1301.7,1293.6
873,2019-05-14,1296.3,215009.0,1300.8,1304.2,1294.3
874,2019-05-13,1301.8,362480.0,1288.3,1302.2,1282.4
875,2019-05-10,1287.4,227237.0,1285.0,1290.3,1283.9
876,2019-05-09,1285.2,296815.0,1281.9,1289.2,1280.4
877,2019-05-08,1281.4,288297.0,1285.6,1292.8,1280.2
878,2019-05-07,1285.6,241502.0,1282.4,1287.3,1279.1
879,2019-05-06,1283.8,240672.0,1281.8,1287.4,1278.1
880,2019-05-03,1281.3,269353.0,1271.6,1283.9,1269.0
881,2019-05-02,1272.0,273895.0,1278.5,1279.4,1267.3
882,2019-05-01,1284.2,269944.0,1285.2,1289.4,1274.5
883,2019-04-30,1282.8,114.0,1281.7,1283.3,1280.8
884,2019-04-29,1281.5,199297.0,1289.0,1289.1,1279.9
885,2019-04-26,1288.8,268033.0,1279.1,1290.9,1276.0
886,2019-04-25,1279.7,230543.0,1277.9,1284.8,1275.2
887,2019-04-24,1279.4,235966.0,1274.4,1280.7,1270.5
888,2019-04-23,1273.2,271377.0,1277.0,1278.5,1267.9
889,2019-04-22,1277.6,133327.0,1278.0,1281.9,1275.7
890,2019-04-18,1276.0,219695.0,1276.2,1279.7,1273.0
891,2019-04-17,1276.8,209965.0,1279.5,1282.1,1275.2
892,2019-04-16,1277.2,308866.0,1290.8,1291.7,1275.5
893,2019-04-15,1291.3,222209.0,1294.0,1295.2,1285.3
894,2019-04-12,1295.2,185177.0,1295.8,1299.1,1293.2
895,2019-04-11,1293.3,311101.0,1312.4,1313.1,1292.9
896,2019-04-10,1313.9,212949.0,1308.2,1314.7,1304.7
897,2019-04-09,1308.3,196670.0,1301.6,1310.4,1300.6
898,2019-04-08,1297.1,63.0,1292.2,1302.1,1291.8
899,2019-04-05,1295.6,227617.0,1296.5,1297.8,1288.3
900,2019-04-04,1294.3,250306.0,1294.4,1298.7,1284.9
901,2019-04-03,1295.3,186420.0,1296.9,1299.0,1292.7
902,2019-04-02,1295.4,190667.0,1292.2,1297.1,1289.5
903,2019-04-01,1294.2,229896.0,1297.2,1301.7,1291.0
904,2019-03-29,1298.5,260381.0,1295.0,1304.6,1291.3
905,2019-03-28,1295.3,407079.0,1315.0,1317.6,1293.3
906,2019-03-27,1316.9,197067.0,1321.7,1325.2,1313.7
907,2019-03-26,1321.4,119776.0,1328.3,1329.3,1318.5
908,2019-03-25,1329.0,83949.0,1319.7,1330.8,1317.0
909,2019-03-22,1318.7,78716.0,1315.4,1320.9,1312.8
910,2019-03-21,1313.6,59829.0,1318.6,1326.3,1309.1
911,2019-03-20,1300.5,2.0,1300.7,1300.7,1300.7
912,2019-03-19,1306.5,203029.0,1303.7,1310.8,1302.1
913,2019-03-18,1301.5,172561.0,1302.0,1306.7,1298.0
914,2019-03-15,1302.9,224685.0,1295.6,1306.3,1293.7
915,2019-03-14,1293.4,1.0,1293.4,1293.4,1293.4
916,2019-03-13,1309.3,204246.0,1301.8,1311.6,1300.6
917,2019-03-12,1296.3,1.0,1294.7,1294.7,1294.7
918,2019-03-11,1291.1,187305.0,1298.2,1299.2,1290.6
919,2019-03-08,1299.3,270805.0,1286.7,1301.3,1285.6
920,2019-03-07,1286.1,246103.0,1287.3,1289.6,1280.8
921,2019-03-06,1287.6,187195.0,1288.8,1291.8,1284.3
922,2019-03-05,1284.7,207640.0,1287.8,1290.6,1282.0
923,2019-03-04,1287.5,253631.0,1294.4,1298.1,1283.8
924,2019-03-01,1299.2,328780.0,1315.5,1316.5,1291.3
925,2019-02-28,1316.1,238804.0,1321.7,1328.9,1314.0
926,2019-02-27,1317.7,604.0,1327.7,1327.9,1316.5
927,2019-02-26,1328.5,179292.0,1329.9,1332.4,1325.5
928,2019-02-25,1329.5,176322.0,1331.9,1334.9,1327.3
929,2019-02-22,1332.8,236737.0,1325.8,1335.6,1323.8
930,2019-02-21,1327.8,277389.0,1341.7,1344.3,1323.3
931,2019-02-20,1347.9,235291.0,1343.9,1349.8,1339.8
932,2019-02-19,1344.8,334325.0,1329.2,1345.0,1323.8
933,2019-02-15,1322.1,91941.0,1325.0,1330.8,1323.8
934,2019-02-14,1313.9,219485.0,1309.6,1317.4,1304.7
935,2019-02-13,1310.8,143.0,1311.6,1316.0,1308.1
936,2019-02-12,1314.0,144119.0,1311.6,1318.3,1310.0
937,2019-02-11,1307.0,119.0,1313.4,1313.4,1304.7
938,2019-02-08,1318.5,131864.0,1314.3,1319.5,1311.5
939,2019-02-07,1314.2,159728.0,1310.9,1315.8,1306.4
940,2019-02-06,1314.4,133244.0,1319.4,1319.9,1309.6
941,2019-02-05,1319.2,122758.0,1316.8,1321.0,1314.8
942,2019-02-04,1319.3,147699.0,1322.6,1323.6,1312.7
943,2019-02-01,1322.1,192924.0,1326.0,1328.2,1320.6
944,2019-01-31,1325.2,215552.0,1325.4,1331.1,1322.2
945,2019-01-30,1315.5,262539.0,1317.0,1328.6,1313.5
946,2019-01-29,1315.2,171769.0,1308.5,1317.1,1307.8
947,2019-01-28,1309.3,122869.0,1308.5,1309.8,1302.7
948,2019-01-25,1304.2,87878.0,1286.0,1309.3,1284.8
949,2019-01-24,1285.9,68784.0,1288.3,1290.0,1281.5
950,2019-01-23,1290.2,60819.0,1290.8,1292.1,1284.0
951,2019-01-22,1283.4,307704.0,1279.1,1285.0,1276.0
952,2019-01-18,1282.6,100826.0,1280.7,1283.0,1276.0
953,2019-01-17,1292.3,188241.0,1293.9,1295.0,1288.3
954,2019-01-16,1293.8,173284.0,1289.6,1295.4,1287.6
955,2019-01-15,1288.4,229624.0,1292.4,1294.8,1286.5
956,2019-01-14,1289.1,7.0,1292.4,1293.9,1289.9
957,2019-01-11,1289.5,200393.0,1287.6,1295.7,1287.0
958,2019-01-10,1287.4,227942.0,1294.7,1298.0,1286.7
959,2019-01-09,1292.0,232491.0,1286.1,1295.0,1280.9
960,2019-01-08,1285.9,206439.0,1289.9,1291.4,1280.2
961,2019-01-07,1289.9,197176.0,1287.0,1297.0,1284.1
962,2019-01-04,1285.8,299076.0,1296.5,1300.4,1278.1
963,2019-01-03,1294.8,229532.0,1288.5,1296.9,1286.4
964,2019-01-02,1284.1,222578.0,1285.0,1291.0,1280.6
965,2018-12-31,1281.3,108913.0,1283.0,1286.5,1279.7
966,2018-12-28,1283.0,155354.0,1278.0,1284.7,1276.5
967,2018-12-27,1281.1,200717.0,1270.1,1281.6,1269.1
968,2018-12-26,1273.0,198175.0,1273.5,1282.3,1267.4
969,2018-12-24,1271.8,130455.0,1260.7,1273.9,1260.0
970,2018-12-21,1258.1,200024.0,1263.5,1266.2,1257.1
971,2018-12-20,1267.9,303814.0,1247.0,1270.3,1246.2
972,2018-12-19,1256.4,261331.0,1253.5,1262.2,1245.3
973,2018-12-18,1253.6,164361.0,1249.7,1254.5,1249.0
974,2018-12-17,1251.8,156508.0,1242.8,1252.2,1239.4
975,2018-12-14,1241.4,183625.0,1246.2,1247.3,1236.5
976,2018-12-13,1247.4,148496.0,1250.7,1251.7,1244.4
977,2018-12-12,1250.0,144462.0,1248.3,1252.6,1247.1
978,2018-12-11,1247.2,176025.0,1249.8,1255.1,1245.8
979,2018-12-10,1249.4,190957.0,1255.6,1256.6,1246.9
980,2018-12-07,1252.6,215414.0,1243.1,1255.8,1242.6
981,2018-12-06,1243.6,238860.0,1243.0,1249.9,1240.0
982,2018-12-05,1242.6,104283.0,1244.6,1244.8,1238.7
983,2018-12-04,1246.6,214514.0,1236.3,1247.5,1235.8
984,2018-12-03,1239.6,233816.0,1227.8,1240.4,1226.6
985,2018-11-30,1226.0,158763.0,1229.9,1231.1,1221.8
986,2018-11-29,1230.4,229628.0,1227.1,1234.9,1226.7
987,2018-11-28,1229.8,199518.0,1220.9,1233.8,1216.8
988,2018-11-27,1219.9,132694.0,1228.5,1231.7,1217.8
989,2018-11-26,1228.7,141646.0,1230.4,1234.5,1228.0
990,2018-11-23,1223.2,234908.0,1227.8,1229.7,1220.3
992,2018-11-20,1221.2,245888.0,1224.6,1229.5,1220.3
993,2018-11-19,1225.3,189907.0,1222.6,1226.5,1218.5
994,2018-11-16,1223.0,237367.0,1214.4,1226.0,1213.7
995,2018-11-15,1215.0,234966.0,1211.8,1217.0,1207.1
996,2018-11-14,1210.1,268788.0,1202.8,1217.2,1198.1
997,2018-11-13,1199.2,5.0,1196.3,1201.3,1196.3
998,2018-11-12,1201.3,1.0,1201.6,1201.6,1201.6
999,2018-11-09,1208.6,306462.0,1224.3,1224.6,1207.2
1000,2018-11-08,1225.1,229614.0,1227.7,1228.5,1220.8
1001,2018-11-07,1228.7,252072.0,1228.9,1238.4,1224.2
1002,2018-11-06,1226.3,188660.0,1233.4,1237.8,1224.9
1003,2018-11-05,1232.3,157253.0,1234.5,1236.8,1228.4
1004,2018-11-02,1233.3,249587.0,1235.3,1238.4,1231.3
1005,2018-11-01,1238.6,293251.0,1216.6,1239.3,1216.1
1006,2018-10-31,1215.0,231855.0,1224.7,1225.0,1213.4
1007,2018-10-30,1225.3,218624.0,1231.9,1232.5,1221.4
1008,2018-10-29,1227.6,225204.0,1236.4,1237.6,1226.1
1009,2018-10-26,1235.8,304896.0,1234.7,1246.0,1232.5
1010,2018-10-25,1232.4,252780.0,1236.6,1242.0,1230.5
1011,2018-10-24,1231.1,204289.0,1233.8,1238.0,1228.3
1012,2018-10-23,1236.8,276325.0,1225.1,1243.0,1224.5
1013,2018-10-22,1224.6,180132.0,1230.5,1232.6,1222.8
1014,2018-10-19,1228.7,188648.0,1228.6,1234.1,1226.2
1015,2018-10-18,1230.1,239133.0,1225.5,1233.6,1221.7
1016,2018-10-17,1227.4,228207.0,1228.0,1232.9,1223.7
1017,2018-10-16,1231.0,233393.0,1230.5,1235.9,1226.3
1018,2018-10-15,1226.4,136.0,1222.4,1232.3,1222.4
1019,2018-10-12,1222.0,309392.0,1227.7,1228.1,1219.3
1020,2018-10-11,1227.6,503085.0,1197.9,1230.0,1194.7
1021,2018-10-10,1193.4,243118.0,1192.7,1198.6,1188.5
1022,2018-10-09,1191.5,236941.0,1192.2,1195.8,1186.6
1023,2018-10-08,1184.4,250.0,1201.0,1201.0,1183.7
1024,2018-10-05,1205.6,250219.0,1203.7,1209.8,1200.9
1025,2018-10-04,1201.6,280314.0,1201.4,1210.7,1199.6
1026,2018-10-03,1202.9,246832.0,1207.0,1212.3,1200.4
1027,2018-10-02,1207.0,350240.0,1192.7,1212.3,1192.2
1028,2018-10-01,1191.7,213617.0,1196.1,1196.5,1188.1
1029,2018-09-28,1196.2,300928.0,1186.8,1198.0,1184.3
1030,2018-09-27,1182.3,4947.0,1194.6,1197.3,1180.5
1031,2018-09-26,1199.1,330481.0,1205.5,1206.9,1194.6
1032,2018-09-25,1205.1,192109.0,1203.1,1207.9,1201.3
1033,2018-09-24,1204.4,207122.0,1204.0,1208.8,1198.6
1034,2018-09-21,1201.3,333369.0,1212.1,1215.8,1196.0
1035,2018-09-20,1211.3,232693.0,1208.8,1213.2,1205.1
1037,2018-09-18,1202.9,223080.0,1206.4,1208.2,1200.3
1038,2018-09-17,1205.8,205761.0,1199.8,1209.7,1197.5
1039,2018-09-14,1201.1,276004.0,1206.6,1213.8,1197.7
1040,2018-09-13,1208.2,295658.0,1212.4,1218.0,1205.0
1041,2018-09-12,1210.9,292275.0,1203.5,1213.9,1197.6
1042,2018-09-11,1202.2,253326.0,1200.4,1204.8,1192.7
1043,2018-09-10,1199.8,207244.0,1200.7,1203.8,1196.2
1044,2018-09-07,1200.4,272324.0,1205.6,1209.0,1198.7
1045,2018-09-06,1204.3,278851.0,1202.5,1212.7,1200.5
1046,2018-09-05,1201.3,203575.0,1197.2,1204.2,1196.4
1047,2018-09-04,1199.1,402704.0,1207.0,1209.7,1195.1
1048,2018-08-31,1206.7,117750.0,1206.3,1209.7,1201.2
1049,2018-08-30,1205.0,276369.0,1212.6,1214.0,1202.1
1050,2018-08-29,1211.5,235721.0,1206.6,1213.7,1206.6
1051,2018-08-28,1207.4,136.0,1209.7,1217.0,1202.3
1052,2018-08-27,1216.0,205140.0,1214.5,1218.8,1209.3
1053,2018-08-24,1213.3,286519.0,1191.6,1215.4,1189.5
1054,2018-08-23,1194.0,226193.0,1202.8,1203.4,1190.2
1055,2018-08-22,1203.3,227367.0,1203.0,1208.4,1199.2
1056,2018-08-21,1200.0,211149.0,1197.3,1204.3,1194.3
1057,2018-08-20,1194.6,199964.0,1190.4,1197.7,1189.6
1058,2018-08-17,1184.2,246695.0,1180.7,1192.0,1178.5
1059,2018-08-16,1184.0,353666.0,1183.0,1189.0,1167.1
1060,2018-08-15,1185.0,364039.0,1201.5,1202.0,1180.0
1061,2018-08-14,1193.0,92.0,1193.1,1197.5,1192.8
1062,2018-08-13,1198.9,363069.0,1218.4,1221.4,1198.6
1063,2018-08-10,1219.0,317657.0,1220.0,1224.9,1213.1
1064,2018-08-09,1219.9,225166.0,1222.0,1225.6,1218.4
1065,2018-08-08,1221.0,255706.0,1218.7,1223.8,1213.6
1066,2018-08-07,1218.3,199691.0,1215.8,1224.3,1215.6
1067,2018-08-06,1208.6,297.0,1214.4,1214.4,1206.6
1068,2018-08-03,1223.2,272386.0,1216.0,1228.5,1212.5
1069,2018-08-02,1210.6,411.0,1214.7,1219.3,1205.8
1070,2018-08-01,1227.6,210076.0,1232.7,1233.7,1224.4
1071,2018-07-31,1233.6,287649.0,1230.5,1237.8,1222.6
1072,2018-07-30,1231.5,178604.0,1231.1,1234.1,1227.8
1073,2018-07-27,1232.7,150903.0,1231.4,1236.5,1226.3
1074,2018-07-26,1235.3,99096.0,1240.8,1244.6,1231.3
1075,2018-07-25,1241.0,55539.0,1233.3,1243.4,1232.5
1076,2018-07-24,1234.6,64451.0,1233.4,1238.6,1227.0
1077,2018-07-23,1234.4,75122.0,1240.7,1244.7,1231.1
1078,2018-07-20,1231.1,342215.0,1222.9,1232.4,1215.3
1079,2018-07-19,1224.0,414022.0,1227.3,1229.6,1210.7
1080,2018-07-18,1227.9,272126.0,1227.0,1229.1,1220.9
1081,2018-07-17,1227.3,304251.0,1240.8,1245.1,1225.9
1082,2018-07-16,1239.7,178908.0,1241.0,1245.8,1238.3
1083,2018-07-13,1241.2,248662.0,1247.7,1248.5,1236.2
1084,2018-07-12,1246.6,216104.0,1242.3,1248.8,1241.4
1085,2018-07-11,1244.4,293555.0,1256.7,1257.3,1241.7
1086,2018-07-10,1255.4,266748.0,1258.5,1261.0,1247.7
1087,2018-07-09,1259.6,231724.0,1255.7,1266.9,1255.7
1088,2018-07-06,1255.8,195750.0,1258.4,1260.2,1253.7
1089,2018-07-05,1258.8,372468.0,1257.7,1262.4,1252.2
1090,2018-07-03,1253.5,145678.0,1253.5,1262.4,1238.8
1091,2018-07-02,1241.7,251533.0,1253.4,1255.6,1240.6
1092,2018-06-29,1254.5,221077.0,1249.5,1257.1,1246.9
1093,2018-06-28,1251.0,234981.0,1253.6,1255.8,1247.2
1094,2018-06-27,1256.1,250008.0,1260.5,1261.9,1252.2
1095,2018-06-26,1259.9,243918.0,1267.3,1269.4,1256.4
1096,2018-06-25,1268.9,191258.0,1272.2,1274.4,1265.5
1097,2018-06-22,1270.7,177199.0,1268.6,1273.1,1268.4
1098,2018-06-21,1270.5,268481.0,1269.7,1272.3,1262.4
1099,2018-06-20,1274.5,223323.0,1277.3,1278.6,1269.6
1100,2018-06-19,1278.6,272942.0,1280.7,1286.8,1272.6
1101,2018-06-18,1280.1,180772.0,1281.1,1284.9,1279.5
1102,2018-06-15,1278.5,495364.0,1305.9,1306.7,1277.9
1103,2018-06-14,1308.3,332112.0,1303.1,1313.0,1301.0
1104,2018-06-13,1301.3,254837.0,1299.6,1305.2,1294.5
1105,2018-06-12,1299.4,227402.0,1304.5,1304.8,1296.3
1106,2018-06-11,1303.2,206333.0,1303.5,1307.0,1297.8
1107,2018-06-08,1302.7,211335.0,1301.3,1304.8,1296.0
1108,2018-06-07,1303.0,239302.0,1300.9,1307.8,1299.0
1109,2018-06-06,1301.4,239391.0,1300.6,1306.1,1297.7
1110,2018-06-05,1302.2,257770.0,1296.4,1304.8,1293.5
1111,2018-06-04,1297.3,209443.0,1296.7,1302.3,1293.8
1112,2018-06-01,1299.3,308394.0,1303.0,1304.8,1293.1
1113,2018-05-31,1304.7,293132.0,1306.0,1311.5,1301.0
1114,2018-05-30,1306.5,320122.0,1303.1,1308.8,1300.0
1115,2018-05-29,1304.1,348290.0,1302.2,1311.3,1296.6
1116,2018-05-25,1309.0,61195.0,1305.7,1309.0,1299.9
1117,2018-05-24,1309.8,99686.0,1298.0,1311.8,1297.4
1118,2018-05-23,1294.8,61616.0,1295.9,1303.8,1292.0
1119,2018-05-22,1297.4,42154.0,1298.2,1301.3,1292.8
1120,2018-05-21,1290.9,313755.0,1290.3,1292.7,1281.2
1121,2018-05-18,1291.3,254923.0,1290.0,1293.7,1285.1
1122,2018-05-17,1289.4,289678.0,1290.2,1294.0,1284.0
1123,2018-05-16,1291.5,321197.0,1290.1,1296.4,1285.7
1124,2018-05-15,1290.3,461831.0,1313.2,1314.7,1288.2
1125,2018-05-14,1318.2,235892.0,1318.3,1322.4,1312.8
1126,2018-05-11,1320.7,259923.0,1321.8,1326.3,1317.0
1127,2018-05-10,1322.3,362491.0,1312.8,1323.4,1310.6
1128,2018-05-09,1313.0,372491.0,1315.3,1317.8,1304.2
1129,2018-05-08,1313.7,398268.0,1314.1,1318.5,1306.2
1130,2018-05-07,1314.1,230426.0,1316.3,1320.1,1310.6
1131,2018-05-04,1314.7,299809.0,1312.8,1316.9,1308.5
1132,2018-05-03,1312.7,297240.0,1305.5,1319.0,1305.2
1133,2018-05-02,1305.6,350840.0,1304.4,1314.9,1304.3
1134,2018-05-01,1306.8,267336.0,1316.0,1317.4,1302.3
1135,2018-04-30,1319.2,287438.0,1324.0,1325.9,1310.7
1136,2018-04-27,1323.4,232724.0,1318.0,1326.4,1315.8
1137,2018-04-26,1317.9,285847.0,1324.2,1328.0,1316.2
1138,2018-04-25,1322.8,256659.0,1332.0,1333.8,1320.2
1139,2018-04-24,1333.0,267707.0,1326.1,1334.5,1323.6
1140,2018-04-23,1324.0,276592.0,1336.2,1337.6,1323.8
1141,2018-04-20,1338.3,269829.0,1348.5,1348.9,1337.0
1142,2018-04-19,1348.8,325544.0,1352.4,1357.7,1343.2
1143,2018-04-18,1353.5,298749.0,1350.4,1359.0,1345.0
1144,2018-04-17,1349.5,267744.0,1349.1,1352.2,1340.2
1145,2018-04-16,1350.7,258382.0,1349.8,1353.5,1342.8
1146,2018-04-13,1347.9,253937.0,1337.6,1350.3,1335.5
1147,2018-04-12,1341.9,374672.0,1356.3,1356.7,1336.7
1148,2018-04-11,1360.0,467541.0,1343.1,1369.4,1342.5
1149,2018-04-10,1345.9,278138.0,1339.8,1346.2,1334.2
1150,2018-04-09,1340.1,222038.0,1338.0,1341.5,1330.1
1151,2018-04-06,1336.1,361181.0,1329.7,1339.1,1322.6
1152,2018-04-05,1328.5,266243.0,1337.1,1338.7,1326.0
1153,2018-04-04,1340.2,334886.0,1336.7,1352.5,1335.2
1154,2018-04-03,1337.3,276654.0,1345.0,1346.6,1332.7
1155,2018-04-02,1352.9,4979.0,1336.3,1355.1,1335.1
1156,2018-03-29,1327.3,235348.0,1329.3,1332.6,1325.4
1157,2018-03-28,1330.0,358319.0,1351.1,1352.2,1327.7
1158,2018-03-27,1347.9,24159.0,1351.1,1352.2,1347.9
1159,2018-03-26,1360.9,187073.0,1350.6,1361.8,1349.2
1160,2018-03-23,1355.7,124800.0,1335.5,1356.3,1334.7
1161,2018-03-22,1333.2,70121.0,1338.0,1340.8,1330.3
1162,2018-03-21,1321.5,451237.0,1310.6,1336.9,1309.5
1163,2018-03-20,1311.9,281146.0,1316.5,1318.1,1306.6
1164,2018-03-19,1317.8,283944.0,1312.9,1319.6,1307.4
1165,2018-03-16,1312.3,277568.0,1316.8,1321.8,1309.5
1166,2018-03-15,1317.8,241746.0,1324.7,1328.1,1314.9
1167,2018-03-14,1325.6,247027.0,1326.7,1330.5,1321.7
1168,2018-03-13,1327.1,321790.0,1323.3,1328.8,1313.8
1169,2018-03-12,1320.8,214392.0,1324.1,1325.0,1315.3
1170,2018-03-09,1324.0,336571.0,1322.7,1325.9,1313.2
1171,2018-03-08,1321.7,241811.0,1326.2,1329.8,1319.6
1172,2018-03-07,1327.6,297281.0,1339.5,1342.0,1323.0
1173,2018-03-06,1335.2,269691.0,1321.0,1339.9,1320.8
1174,2018-03-05,1319.9,215468.0,1324.9,1328.9,1318.3
1175,2018-03-02,1323.4,256112.0,1318.0,1326.6,1316.2
1176,2018-03-01,1305.2,395651.0,1319.3,1322.3,1303.6
1177,2018-02-28,1317.9,251263.0,1318.9,1323.7,1316.7
1178,2018-02-27,1315.5,710.0,1331.7,1332.6,1312.7
1179,2018-02-26,1332.8,237905.0,1330.4,1342.9,1328.0
1180,2018-02-23,1330.3,165052.0,1333.7,1334.2,1327.7
1181,2018-02-22,1332.7,201972.0,1326.2,1334.4,1322.9
1182,2018-02-21,1332.1,244241.0,1331.2,1338.5,1324.4
1183,2018-02-20,1331.2,357520.0,1348.9,1354.0,1330.6
1184,2018-02-16,1356.2,21489.0,1350.2,1356.2,1349.5
1185,2018-02-15,1355.3,251537.0,1353.0,1359.8,1350.8
1186,2018-02-14,1358.0,405262.0,1331.9,1358.6,1319.1
1187,2018-02-13,1330.4,192998.0,1325.0,1333.5,1323.7
1188,2018-02-12,1326.4,203283.0,1317.1,1330.0,1316.3
1189,2018-02-09,1315.7,306980.0,1321.0,1325.0,1313.2
1190,2018-02-08,1319.0,349123.0,1320.7,1324.5,1309.0
1191,2018-02-07,1314.6,335680.0,1326.6,1334.8,1313.5
1192,2018-02-06,1329.5,457363.0,1343.1,1349.3,1322.8
1193,2018-02-05,1336.5,298950.0,1334.6,1344.8,1331.6
1194,2018-02-02,1337.3,416513.0,1352.2,1353.3,1330.1
1195,2018-02-01,1347.9,301115.0,1348.2,1354.3,1340.2
1196,2018-01-31,1343.1,365063.0,1341.8,1351.0,1335.5
1197,2018-01-30,1340.0,394887.0,1344.0,1352.5,1337.5
1198,2018-01-29,1345.1,224553.0,1353.7,1356.3,1340.9
1199,2018-01-26,1357.2,139946.0,1352.7,1361.0,1348.6
1200,2018-01-25,1368.0,140915.0,1362.7,1370.5,1346.2
1201,2018-01-24,1361.4,147749.0,1346.2,1366.8,1344.1
1202,2018-01-23,1336.7,354786.0,1333.0,1341.5,1330.7
1203,2018-01-22,1331.9,325008.0,1334.0,1335.8,1328.0
1204,2018-01-19,1333.1,268077.0,1327.0,1338.2,1326.6
1205,2018-01-18,1327.2,305093.0,1327.4,1333.3,1324.3
1206,2018-01-17,1339.2,358312.0,1339.0,1344.5,1326.6
1207,2018-01-16,1337.1,472155.0,1340.9,1345.0,1332.1
1208,2018-01-12,1334.9,44651.0,1337.3,1342.4,1334.9
1209,2018-01-11,1322.5,254541.0,1317.5,1324.7,1316.1
1210,2018-01-10,1319.3,382605.0,1313.3,1328.6,1308.9
1211,2018-01-09,1313.7,321636.0,1321.2,1321.4,1309.5
1212,2018-01-08,1320.4,238332.0,1321.8,1323.0,1315.7
1213,2018-01-05,1322.3,322422.0,1324.4,1324.7,1314.6
1214,2018-01-04,1321.6,350803.0,1315.5,1327.3,1307.1
1215,2018-01-03,1318.5,342866.0,1319.0,1323.0,1308.9
1216,2018-01-02,1316.1,269072.0,1305.3,1320.4,1304.6
